,sentences
0,what are you upto
1,is everythimg ok
2,what are you
3,is everythimg better
4,What are my options for paying for the laptop in installments?
5,Can you tell me about the different installment payment plans for buying a laptop?
6,How can I pay for the laptop purchase over a period of time?
7,Could you provide me with details on the various installment payment methods available for buying a laptop?
8,"Are there any installment payment options for laptops, and if so, what are they?"
9,What are the ways I can spread the cost of buying a laptop over time?
10,Can you explain the different installment plans for laptop purchases?
11,"I'm interested in buying a laptop, what are my choices for paying in installments?"
12,"Is it possible to pay for a laptop purchase in installments, and if yes, how many different options are there?"
13,How many installment payment alternatives do you have for buying a laptop?
14,Can you provide me with information about the various installment payment plans for laptops?
15,What are my choices for installment payments when buying a laptop?
16,Can you give me details on the different ways I can pay for a laptop over time?
17,I would like to know about the available options for paying for a laptop in installments.
18,How can I divide the cost of the laptop purchase into smaller payments?
19,Could you inform me about the different installment payment schemes for laptops?
20,What installment payment plans are available for purchasing a laptop?
21,Can you help me understand the various ways of paying for a laptop in installments?
22,"I'm considering buying a laptop, what are my options for paying in installments?"
23,Can you walk me through the different installment payment options for buying a laptop?
24,Is it allowed to bring my own beverages to the restaurant?
25,Can I bring my own drinks when I dine at your restaurant?
26,Am I permitted to bring my own beverages to the restaurant?
27,Is it acceptable to bring outside drinks to the restaurant?
28,May I bring my own drinks instead of ordering from the restaurant?
29,Can I bring my own refreshments to the restaurant?
30,Is it okay to bring my own beverages for the meal?
31,Are customers allowed to bring their own drinks to the restaurant?
32,Is outside beverage allowed inside the restaurant?
33,Can I bring my own bottled drinks when dining in?
34,Is it within the rules to bring my own drinks to the restaurant?
35,May I bring my own beverages to consume while dining at the restaurant?
36,Am I permitted to bring my own drinks if I eat at your restaurant?
37,Can I bring my own drinks to enjoy with my meal at the restaurant?
38,Is it possible to bring my own beverages and consume them at the restaurant?
39,Can I bring my own non-alcoholic drinks to the restaurant?
40,Are there any restrictions on bringing my own drinks to the restaurant?
41,May I bring my own drinks if I dine in at your establishment?
42,"Is it permissible to bring my own drinks to the restaurant, and if so, are there any limitations?"
43,Would it be acceptable for me to bring my own beverages when dining at your restaurant?
44,What is the process for receiving a refund after returning a laptop?
45,"If I return my laptop, how will I be refunded?"
46,Can you explain how I will get my money back if I return my laptop?
47,What are the refund options for returning a laptop?
48,"If I return my laptop, what are the procedures for receiving a refund?"
49,How will I receive my refund if I return my laptop?
50,In what way will I get my refund after returning a laptop?
51,What is the protocol for receiving a refund after returning a laptop?
52,"If I return my laptop, what methods are available for receiving a refund?"
53,How will the refund process work if I return my laptop?
54,What are the steps involved in getting a refund for a returned laptop?
55,What options are available for receiving a refund after returning a laptop?
56,"If I return my laptop, what is the procedure for receiving my money back?"
57,How will the refund be processed if I return my laptop?
58,What are the different ways of receiving a refund for a returned laptop?
59,Can you provide me with information about the refund process after returning a laptop?
60,"If I return my laptop, what are the refund policies and procedures?"
61,What is the method of refund if I return my laptop?
62,"What happens to my money if I return my laptop, and how will I receive a refund?"
63,"If I return my laptop, what are the options available for receiving my refund?"
